model,intercept,slope,r_squared
Zipf's Law,-1.4977556441855007,-0.689970873419402,0.9719565116827426
