model,intercept,slope,r_squared
Zipf's Law,-1.4735721315193226,-0.6994901450182005,0.9722380672017057
