model,intercept,slope,r_squared,plays_analysed,terms_analysed
Zipf's Law,-1.473572131519348,-0.6994901450181947,0.9722380672017031,9,4401
